{
  "best_thr_pos": 0.56,
  "best_f1_macro": 0.9949998749968749,
  "best_f1_fight": 0.9949748743718593,
  "pos_class": "fight"
}