{
  "best_thr_pos": 0.41000000000000003,
  "best_f1_macro": 0.9149978749468737,
  "best_f1_Fight": 0.9145728643216081,
  "pos_class": "Fight"
}